Date,AAPL,MSFT,NVDA,SPY
2021-03-12,121.03,235.75,12.856,394.06
2021-03-15,123.99,234.81,13.1913,396.41
2021-03-16,125.57,237.71,13.2913,395.91
2021-03-17,124.76,237.04,13.3413,397.26
2021-03-18,120.53,230.72,12.7225,391.48
2021-03-19,119.99,230.35,12.8458,389.48
2021-03-22,123.39,235.99,13.1863,392.59
2021-03-23,122.54,237.58,13.0708,389.5
2021-03-24,120.09,235.46,12.643,387.52
2021-03-25,120.59,232.34,12.5353,389.7
2021-03-26,121.21,236.48,12.8393,395.98
2021-03-29,121.39,235.24,12.9483,395.78
2021-03-30,119.9,231.85,12.8718,394.73
2021-03-31,122.15,235.77,13.3483,396.33
2021-04-01,123.0,242.35,13.8118,400.61
2021-04-05,125.9,249.07,13.9875,406.36
2021-04-06,126.21,247.86,13.8615,406.12
2021-04-07,127.9,249.9,14.1435,406.59
2021-04-08,130.36,253.25,14.317,408.52
2021-04-09,132.995,255.85,14.4,411.49
2021-04-12,131.24,255.91,15.209,411.64
2021-04-13,134.43,258.49,15.6795,412.86
2021-04-14,132.03,255.59,15.277,411.45
2021-04-15,134.5,259.5,16.1373,415.87
2021-04-16,134.16,260.74,15.9125,417.26
2021-04-19,134.84,258.74,15.3618,415.21
2021-04-20,133.11,258.26,15.1713,412.17
2021-04-21,133.5,260.58,15.3605,416.07
2021-04-22,131.94,257.17,14.8503,412.27
2021-04-23,134.32,261.15,15.2653,416.74
2021-04-26,134.72,261.55,15.478,417.61
2021-04-27,134.39,261.97,15.3818,417.52
2021-04-28,133.58,254.56,15.2768,417.4
2021-04-29,133.48,252.51,15.3248,420.06
2021-04-30,131.46,252.18,15.0095,417.3
2021-05-03,132.54,251.86,14.8368,418.2
2021-05-04,127.85,247.79,14.3513,415.62
2021-05-05,128.1,246.47,14.4585,415.75
2021-05-06,129.74,249.73,14.523,419.07
2021-05-07,130.21,252.46,14.8123,422.12
2021-05-10,126.85,247.18,14.2658,417.94
2021-05-11,125.91,246.23,14.3063,414.21
2021-05-12,122.77,239.0,13.7585,405.41
2021-05-13,124.97,243.03,13.6653,410.28
2021-05-14,127.45,248.15,14.243,416.58
2021-05-17,126.27,245.18,14.1655,415.52
2021-05-18,124.85,243.08,14.0158,411.94
2021-05-19,124.69,243.12,14.0658,410.86
2021-05-20,127.31,246.48,14.6125,415.28
2021-05-21,125.43,245.17,14.9918,414.94
2021-05-24,127.1,250.78,15.612,419.17
2021-05-25,126.9,251.72,15.6478,418.24
2021-05-26,126.85,251.49,15.7,419.07
2021-05-27,125.28,249.31,15.488,419.29
2021-05-28,124.61,249.68,16.2445,420.04
2021-06-01,124.28,247.4,16.2645,419.67
2021-06-02,125.06,247.3,16.7783,420.33
2021-06-03,123.54,245.71,16.9698,418.77
2021-06-04,125.89,250.79,17.5783,422.6
2021-06-07,125.9,253.81,17.619,422.19
2021-06-08,126.74,252.57,17.457,422.28
2021-06-09,127.13,253.59,17.3583,421.65
2021-06-10,126.11,257.24,17.425,423.61
2021-06-11,127.35,257.89,17.8253,424.31
2021-06-14,130.48,259.89,18.0188,425.26
2021-06-15,129.64,258.36,17.7885,424.48
2021-06-16,130.15,257.38,17.8103,422.11
2021-06-17,131.79,260.9,18.6573,421.97
2021-06-18,130.46,259.43,18.6387,414.92
2021-06-21,132.3,262.63,18.4273,420.86
2021-06-22,133.98,265.51,18.8868,423.11
2021-06-23,133.7,265.275,19.0573,422.6
2021-06-24,133.41,266.69,19.2055,425.1
2021-06-25,133.11,265.02,19.031,426.61
2021-06-28,134.78,268.72,19.985,427.47
2021-06-29,136.33,271.4,20.0268,427.7
2021-06-30,136.96,270.9,20.0025,428.06
2021-07-01,137.27,271.6,20.212,430.43
2021-07-02,139.96,277.65,20.487,433.72
2021-07-06,142.02,277.66,20.6985,432.93
2021-07-07,144.57,279.93,20.3718,434.46
2021-07-08,143.24,277.42,19.9028,430.92
2021-07-09,145.11,277.94,20.0503,435.52
2021-07-12,144.5,277.32,20.5125,437.08
2021-07-13,145.64,280.98,20.25,435.59
2021-07-14,149.15,282.51,19.8415,436.24
2021-07-15,148.48,281.03,18.9662,434.75
2021-07-16,146.39,280.75,18.161,431.34
2021-07-19,142.45,277.01,18.7798,424.97
2021-07-20,146.15,279.32,18.612,431.06
2021-07-21,145.4,281.4,19.41,434.55
2021-07-22,146.8,286.14,19.594,435.46
2021-07-23,148.56,289.67,19.558,439.94
2021-07-26,148.99,289.05,19.294,441.02
2021-07-27,146.77,286.54,19.208,439.01
2021-07-28,144.98,286.22,19.503,438.83
2021-07-29,145.64,286.5,19.662,440.65
2021-07-30,145.86,284.91,19.499,438.51
2021-08-02,145.52,284.82,19.75,437.59
2021-08-03,147.36,287.12,19.815,441.15
2021-08-04,146.95,286.51,20.274,438.98
2021-08-05,147.06,289.52,20.637,441.76
2021-08-06,146.14,289.46,20.366,442.49
2021-08-09,146.09,288.33,20.295,442.13
2021-08-10,145.6,286.44,19.936,442.68
2021-08-11,145.86,286.95,19.699,443.78
2021-08-12,148.89,289.81,19.905,445.11
2021-08-13,149.1,292.85,20.188,445.92
2021-08-16,151.12,294.6,19.95,446.97
2021-08-17,150.19,293.08,19.458,444.04
2021-08-18,146.36,290.73,19.04,439.18
2021-08-19,146.7,296.77,19.798,439.86
2021-08-20,148.19,304.36,20.816,443.36
2021-08-23,149.71,304.65,21.958,447.26
2021-08-24,149.62,302.62,21.793,447.97
2021-08-25,148.36,302.01,22.213,448.91
2021-08-26,147.54,299.09,22.068,446.26
2021-08-27,148.6,299.72,22.636,450.25
2021-08-30,153.12,303.59,22.688,452.23
2021-08-31,151.83,301.88,22.385,451.56
2021-09-01,152.51,301.83,22.441,451.8
2021-09-02,153.65,301.15,22.396,453.19
2021-09-03,154.3,301.14,22.843,453.08
2021-09-07,156.69,300.18,22.662,451.46
2021-09-08,155.11,300.21,22.339,450.91
2021-09-09,154.07,297.25,22.177,448.98
2021-09-10,148.97,295.71,22.478,445.44
2021-09-13,149.55,296.99,22.152,446.58
2021-09-14,148.12,299.79,22.242,444.17
2021-09-15,149.03,304.82,22.341,447.88
2021-09-16,148.79,305.22,22.242,447.17
2021-09-17,146.06,299.87,21.9,441.4
2021-09-20,142.94,294.3,21.113,434.04
2021-09-21,143.43,294.8,21.246,433.63
2021-09-22,145.85,298.58,21.941,437.86
2021-09-23,146.83,299.56,22.482,443.18
2021-09-24,146.92,299.35,22.081,443.91
2021-09-27,145.37,294.17,21.66,442.64
2021-09-28,141.91,283.52,20.699,433.72
2021-09-29,142.83,284.0,20.517,434.45
2021-09-30,141.5,281.92,20.716,429.14
2021-10-01,142.65,289.1,20.742,434.24
2021-10-04,139.14,283.11,19.732,428.64
2021-10-05,141.11,288.76,20.451,433.1
2021-10-06,142.0,293.11,20.7,434.9
2021-10-07,143.29,294.85,21.075,438.66
2021-10-08,142.9,294.85,20.831,437.86
2021-10-11,142.81,294.23,20.695,434.69
2021-10-12,141.51,292.88,20.671,433.62
2021-10-13,140.91,296.31,20.939,435.18
2021-10-14,143.76,302.75,21.746,442.5
2021-10-15,144.84,304.21,21.862,445.87
2021-10-18,146.55,307.29,22.222,447.19
2021-10-19,148.76,308.23,22.29,450.64
2021-10-20,149.26,307.41,22.103,452.41
2021-10-21,149.48,310.76,22.692,453.59
2021-10-22,148.69,309.16,22.726,453.12
2021-10-25,148.64,308.13,23.166,455.55
2021-10-26,149.32,310.11,24.717,455.96
2021-10-27,148.85,323.17,24.451,453.94
2021-10-28,152.57,324.35,24.941,458.32
2021-10-29,149.8,331.62,25.567,459.25
2021-11-01,148.96,329.37,25.827,460.04
2021-11-02,150.02,333.13,26.401,461.9
2021-11-03,151.49,334.0,26.598,464.72
2021-11-04,150.96,336.44,29.801,466.91
2021-11-05,151.28,336.06,29.752,468.53
2021-11-08,150.44,336.99,30.804,468.93
2021-11-09,150.81,335.95,30.657,467.38
2021-11-10,147.92,330.8,29.459,463.62
2021-11-11,147.87,332.43,30.39,463.77
2021-11-12,149.99,336.72,30.39,467.27
2021-11-15,150.0,336.07,30.025,467.43
2021-11-16,151.0,339.51,30.203,469.28
2021-11-17,153.49,339.12,29.261,468.14
2021-11-18,157.87,341.27,31.675,469.73
2021-11-19,160.55,343.11,32.985,468.89
2021-11-22,161.02,339.83,31.956,467.57
2021-11-23,161.41,337.68,31.746,468.19
2021-11-24,161.94,337.91,32.674,469.44
2021-11-26,156.81,329.68,31.503,458.97
2021-11-29,160.24,336.63,33.376,464.6
2021-11-30,165.3,330.59,32.676,455.56
2021-12-01,164.77,330.08,31.435,450.5
2021-12-02,163.76,329.49,32.126,457.4
2021-12-03,161.84,323.01,30.693,453.42
2021-12-06,165.32,326.19,30.037,458.79
2021-12-07,171.18,334.92,32.427,468.28
2021-12-08,175.08,334.97,31.826,469.52
2021-12-09,174.56,333.1,30.49,466.35
2021-12-10,179.45,342.54,30.198,470.74
2021-12-13,175.74,339.4,28.161,466.57
2021-12-14,174.33,328.34,28.337,463.36
2021-12-15,179.3,334.65,30.459,470.6
2021-12-16,172.26,324.9,28.387,466.45
2021-12-17,171.14,323.8,27.801,459.87
2021-12-20,169.75,319.91,27.719,454.98
2021-12-21,172.99,327.29,29.075,463.06
2021-12-22,175.64,333.2,29.4,467.69
2021-12-23,176.28,334.69,29.64,470.6
2021-12-27,180.33,342.45,30.945,477.26
2021-12-28,179.29,341.25,30.322,476.87
2021-12-29,179.38,341.95,30.001,477.48
2021-12-30,178.2,339.32,29.586,476.16
2021-12-31,177.57,336.32,29.411,474.96
2022-01-03,182.01,334.75,30.121,477.71
2022-01-04,179.7,329.01,29.29,477.55
2022-01-05,174.92,316.38,27.604,468.38
2022-01-06,172.0,313.88,28.178,467.94
2022-01-07,172.17,314.04,27.247,466.09
2022-01-10,172.19,314.27,27.4,465.51
2022-01-11,175.08,314.98,27.817,469.75
2022-01-12,175.53,318.27,27.999,471.02
2022-01-13,172.19,304.8,26.575,464.53
2022-01-14,173.07,310.2,26.942,464.72
2022-01-18,169.8,302.65,25.903,456.49
2022-01-19,166.23,303.33,25.067,451.75
2022-01-20,164.51,301.6,24.15,446.75
2022-01-21,162.41,296.03,23.374,437.98
2022-01-24,161.62,296.37,23.372,439.84
2022-01-25,159.78,288.49,22.324,434.47
2022-01-26,159.69,296.71,22.772,433.38
2022-01-27,159.22,299.84,21.944,431.24
2022-01-28,170.33,308.26,22.84,441.95
2022-01-31,174.78,310.98,24.486,449.91
2022-02-01,174.61,308.76,24.638,452.95
2022-02-02,175.84,313.46,25.242,457.35
2022-02-03,172.9,301.25,23.948,446.6
2022-02-04,172.39,305.94,24.319,448.7
2022-02-07,171.66,300.95,24.728,447.26
2022-02-08,174.83,304.56,25.108,450.94
2022-02-09,176.28,311.21,26.705,457.54
2022-02-10,172.12,302.38,25.824,449.32
2022-02-11,168.64,295.04,23.949,440.46
2022-02-14,168.88,295.0,24.267,439.02
2022-02-15,172.79,300.47,26.495,446.1
2022-02-16,172.55,299.5,26.511,446.6
2022-02-17,168.88,290.73,24.507,437.06
2022-02-18,167.3,287.93,23.642,434.23
2022-02-22,164.32,287.72,23.39,429.57
2022-02-23,160.07,280.27,22.387,421.95
2022-02-24,162.74,294.59,23.748,428.3
2022-02-25,164.85,297.31,24.157,437.75
2022-02-28,165.12,298.79,24.385,436.63
2022-03-01,163.2,294.95,23.477,429.98
2022-03-02,166.56,300.19,24.22,437.89
2022-03-03,166.23,295.92,23.714,435.71
2022-03-04,163.17,289.86,22.936,432.17
2022-03-07,159.3,278.91,21.352,419.43
2022-03-08,157.44,275.85,21.514,416.25
2022-03-09,162.95,288.5,23.014,427.41
2022-03-10,158.52,285.59,22.658,425.48
2022-03-11,154.73,280.07,22.1,420.07
2022-03-14,150.62,276.44,21.33,417.0
2022-03-15,155.09,287.15,22.973,426.17
2022-03-16,159.59,294.39,24.496,435.62
2022-03-17,160.62,295.22,24.766,441.07
2022-03-18,163.98,300.43,26.453,444.52
2022-03-21,165.38,299.16,26.734,444.39
2022-03-22,168.82,304.06,26.524,449.59
2022-03-23,170.21,299.49,25.634,443.8
2022-03-24,174.07,304.1,28.15,450.49
2022-03-25,174.72,303.68,27.692,452.69
2022-03-28,175.6,310.7,28.219,455.91
2022-03-29,178.96,315.41,28.656,461.55
2022-03-30,177.77,313.86,27.69,458.7
2022-03-31,174.61,308.31,27.286,451.64
2022-04-01,174.31,309.42,26.712,452.92
2022-04-04,178.44,314.97,27.36,456.8
2022-04-05,175.06,310.88,25.931,451.03
2022-04-06,171.83,299.5,24.407,446.52
2022-04-07,172.14,301.37,24.208,448.77
2022-04-08,170.09,296.97,23.119,447.57
2022-04-11,165.75,285.26,21.917,439.92
2022-04-12,167.66,282.06,21.504,438.29
2022-04-13,170.4,287.62,22.203,443.31
2022-04-14,165.29,279.83,21.258,437.79
2022-04-18,165.07,280.52,21.783,437.97
2022-04-19,167.4,285.3,22.198,445.04
2022-04-20,167.23,286.36,21.482,444.71
2022-04-21,166.42,280.81,20.183,438.06
2022-04-22,161.79,274.03,19.515,426.04
2022-04-25,162.88,280.72,19.902,428.51
2022-04-26,156.8,270.22,18.788,416.1
2022-04-27,156.57,283.22,18.415,417.27
2022-04-28,163.64,289.63,19.782,427.81
2022-04-29,157.65,277.52,18.547,412.0
2022-05-02,157.96,284.47,19.533,414.48
2022-05-03,159.48,281.78,19.602,416.38
2022-05-04,166.02,289.98,20.334,429.06
2022-05-05,156.77,277.35,18.844,413.81
2022-05-06,157.28,274.73,18.675,411.34
2022-05-09,152.06,264.58,16.95,398.17
2022-05-10,154.51,269.5,17.595,399.09
2022-05-11,146.5,260.55,16.63,392.75
2022-05-12,142.56,255.35,16.175,392.34
2022-05-13,147.11,261.12,17.706,401.72
2022-05-16,145.54,261.5,17.264,400.09
2022-05-17,149.24,266.82,18.177,408.32
2022-05-18,140.82,254.08,16.938,391.86
2022-05-19,137.35,253.14,17.124,389.46
2022-05-20,137.59,252.56,16.694,389.63
2022-05-23,143.11,260.65,16.898,396.92
2022-05-24,140.36,259.62,16.154,393.89
2022-05-25,140.52,262.52,16.975,397.37
2022-05-26,143.78,265.9,17.851,405.31
2022-05-27,149.64,273.24,18.811,415.26
2022-05-31,148.84,271.87,18.672,412.93
2022-06-01,148.71,272.42,18.32,409.59
2022-06-02,151.21,274.58,19.592,417.39
2022-06-03,145.38,270.02,18.72,410.54
2022-06-06,146.14,268.75,18.786,411.79
2022-06-07,148.71,272.5,18.926,415.74
2022-06-08,147.96,270.41,18.648,411.22
2022-06-09,142.64,264.79,18.048,401.44
2022-06-10,137.13,252.99,16.974,389.8
2022-06-13,131.88,242.26,15.647,375.0
2022-06-14,132.76,244.49,15.836,373.87
2022-06-15,135.43,251.76,16.527,379.2
2022-06-16,130.06,244.97,15.601,366.65
2022-06-17,131.56,247.65,15.88,365.86
2022-06-21,135.87,253.74,16.566,375.07
2022-06-22,135.35,253.13,16.36,374.39
2022-06-23,138.27,258.86,16.225,378.06
2022-06-24,141.66,267.7,17.126,390.08
2022-06-27,141.66,264.89,16.869,388.59
2022-06-28,137.44,256.48,15.982,380.65
2022-06-29,139.23,260.26,15.542,380.34
2022-06-30,136.72,256.83,15.159,377.25
2022-07-01,138.93,259.58,14.523,381.24
2022-07-05,141.56,262.85,14.964,381.96
2022-07-06,142.92,266.21,15.13,383.25
2022-07-07,146.35,268.4,15.858,388.99
2022-07-08,147.04,267.66,15.838,388.67
2022-07-11,144.87,264.51,15.152,384.23
2022-07-12,145.86,253.67,15.082,380.83
2022-07-13,145.49,252.72,15.164,378.83
2022-07-14,148.47,254.08,15.372,377.91
2022-07-15,150.17,256.72,15.762,385.13
2022-07-18,147.07,254.25,16.101,381.95
2022-07-19,151.0,259.53,16.992,392.27
2022-07-20,153.04,262.27,17.807,394.77
2022-07-21,155.35,264.84,18.05,398.79
2022-07-22,154.09,260.36,17.319,395.09
2022-07-25,152.95,258.83,17.024,395.57
2022-07-26,151.6,251.9,16.533,390.89
2022-07-27,156.79,268.74,17.79,401.04
2022-07-28,157.35,276.41,17.984,406.07
2022-07-29,162.51,280.74,18.163,411.99
2022-08-01,161.51,278.01,18.441,410.77
2022-08-02,160.01,274.82,18.526,408.06
2022-08-03,166.13,282.47,18.893,414.45
2022-08-04,165.81,283.65,19.215,414.17
2022-08-05,165.35,282.91,18.989,413.47
2022-08-08,164.87,280.32,17.793,412.99
2022-08-09,164.92,282.3,17.086,411.35
2022-08-10,169.24,289.16,18.097,419.99
2022-08-11,168.49,287.02,17.942,419.99
2022-08-12,172.1,291.91,18.709,427.1
2022-08-15,173.19,293.47,19.032,428.86
2022-08-16,173.03,292.71,18.879,429.7
2022-08-17,174.55,291.32,18.335,426.65
2022-08-18,174.15,290.17,18.773,427.89
2022-08-19,171.52,286.15,17.849,422.14
2022-08-22,167.57,277.75,17.034,413.35
2022-08-23,167.23,276.44,17.181,412.35
2022-08-24,167.53,275.79,17.222,413.67
2022-08-25,170.03,278.85,17.913,419.51
2022-08-26,163.62,268.09,16.26,405.31
2022-08-29,161.38,265.23,15.801,402.63
2022-08-30,158.91,262.97,15.468,398.21
2022-08-31,157.22,261.47,15.094,395.18
2022-09-01,157.96,260.4,13.937,396.42
2022-09-02,155.81,256.06,13.647,392.24
2022-09-06,154.53,253.25,13.465,390.76
2022-09-07,155.96,258.09,13.714,397.78
2022-09-08,154.46,258.52,13.99,400.38
2022-09-09,157.37,264.46,14.387,406.6
2022-09-12,163.43,266.65,14.505,410.97
2022-09-13,153.84,251.99,13.131,393.1
2022-09-14,155.31,252.22,13.128,394.6
2022-09-15,152.37,245.38,12.929,390.12
2022-09-16,150.7,244.74,13.198,385.56
2022-09-19,154.48,244.52,13.382,388.55
2022-09-20,156.9,242.45,13.176,384.09
2022-09-21,153.72,238.95,13.261,377.39
2022-09-22,152.74,240.98,12.561,374.22
2022-09-23,150.43,237.92,12.516,367.95
2022-09-26,150.77,237.45,12.228,364.31
2022-09-27,151.76,236.41,12.413,363.38
2022-09-28,149.84,241.07,12.736,370.53
2022-09-29,142.48,237.5,12.22,362.79
2022-09-30,138.2,232.9,12.139,357.18
2022-10-03,142.45,240.74,12.512,366.61
2022-10-04,146.1,248.88,13.167,377.97
2022-10-05,146.4,249.2,13.209,377.09
2022-10-06,145.43,246.79,13.13,373.2
2022-10-07,140.09,234.24,12.076,362.79
2022-10-10,140.42,229.25,11.67,360.02
2022-10-11,138.98,225.41,11.586,357.74
2022-10-12,138.34,225.75,11.5,356.56
2022-10-13,142.99,234.24,11.96,365.97
2022-10-14,138.38,228.56,11.227,357.63
2022-10-17,142.41,237.53,11.888,366.82
2022-10-18,143.75,238.5,11.967,371.13
2022-10-19,143.86,236.48,12.051,368.5
2022-10-20,143.39,236.15,12.194,365.41
2022-10-21,147.27,242.12,12.466,374.29
2022-10-24,149.45,247.25,12.599,378.87
2022-10-25,152.34,250.66,13.261,384.92
2022-10-26,149.35,231.32,12.896,382.02
2022-10-27,144.8,226.75,13.176,379.98
2022-10-28,155.74,235.87,13.834,389.02
2022-10-31,153.34,232.13,13.497,386.21
2022-11-01,150.65,228.17,13.543,384.52
2022-11-02,145.03,220.1,13.219,374.87
2022-11-03,138.88,214.25,13.421,371.01
2022-11-04,138.38,221.39,14.156,376.35
2022-11-07,138.92,227.87,14.301,379.95
2022-11-08,139.5,228.87,14.602,382.0
2022-11-09,134.87,224.51,13.776,374.13
2022-11-10,146.87,242.98,15.75,394.69
2022-11-11,149.7,247.11,16.327,398.51
2022-11-14,148.28,241.55,16.295,395.12
2022-11-15,150.04,241.97,16.666,398.49
2022-11-16,148.79,241.73,15.91,395.45
2022-11-17,150.72,241.68,15.677,394.24
2022-11-18,151.29,241.22,15.409,396.03
2022-11-21,148.01,242.05,15.317,394.59
2022-11-22,150.18,245.03,16.038,399.9
2022-11-23,151.07,247.58,16.519,402.42
2022-11-25,148.11,247.49,16.27,402.33
2022-11-28,144.22,241.76,15.827,395.91
2022-11-29,141.17,240.33,15.639,395.23
2022-11-30,148.03,255.14,16.923,407.68
2022-12-01,148.31,254.69,17.135,407.38
2022-12-02,147.81,255.02,16.876,406.91
2022-12-05,146.63,250.2,16.61,399.59
2022-12-06,142.91,245.12,15.987,393.83
2022-12-07,140.94,244.37,16.12,393.16
2022-12-08,142.65,247.4,17.169,396.24
2022-12-09,142.16,245.42,17.001,393.28
2022-12-12,144.49,252.51,17.535,398.95
2022-12-13,145.47,256.92,18.072,401.97
2022-12-14,143.21,257.22,17.674,399.4
2022-12-15,136.5,249.01,16.952,389.63
2022-12-16,134.51,244.69,16.571,383.27
2022-12-19,132.37,240.45,16.254,380.02
2022-12-20,132.3,241.8,16.085,380.54
2022-12-21,135.45,244.43,16.501,386.23
2022-12-22,132.23,238.19,15.339,380.72
2022-12-23,131.86,238.73,15.206,382.91
2022-12-27,130.03,236.96,14.121,381.4
2022-12-28,126.04,234.53,14.036,376.66
2022-12-29,129.61,241.01,14.603,383.44
2022-12-30,129.93,239.82,14.614,382.43
2023-01-03,125.07,239.58,14.315,380.82
2023-01-04,126.36,229.1,14.749,383.76
2023-01-05,125.02,222.31,14.265,379.38
2023-01-06,129.62,224.93,14.859,388.08
2023-01-09,130.15,227.12,15.628,387.86
2023-01-10,130.73,228.85,15.909,390.58
2023-01-11,133.49,235.77,16.001,395.52
2023-01-12,133.41,238.51,16.511,396.96
2023-01-13,134.76,239.23,16.899,398.5
2023-01-17,135.94,240.35,17.702,397.77
2023-01-18,135.21,235.81,17.377,391.49
2023-01-19,135.27,231.93,16.765,388.64
2023-01-20,137.87,240.22,17.839,395.88
2023-01-23,141.11,242.58,19.193,400.63
2023-01-24,142.53,242.04,19.265,400.2
2023-01-25,141.86,240.61,19.323,400.35
2023-01-26,143.96,248.0,19.802,404.75
2023-01-27,145.93,248.16,20.365,405.68
2023-01-30,143.0,242.71,19.162,400.59
2023-01-31,144.29,247.81,19.537,406.48
2023-02-01,145.43,252.75,20.943,410.8
2023-02-02,150.82,264.6,21.709,416.78
2023-02-03,154.5,258.35,21.1,412.35
2023-02-06,151.73,256.77,21.089,409.83
2023-02-07,154.65,267.56,22.173,415.19
2023-02-08,151.92,266.73,22.205,410.65
2023-02-09,150.87,263.62,22.337,407.09
2023-02-10,151.01,263.1,21.265,408.04
2023-02-13,153.85,271.32,21.788,412.83
2023-02-14,153.2,272.17,22.971,412.64
2023-02-15,155.33,269.32,22.764,413.98
2023-02-16,153.71,262.15,22.002,408.28
2023-02-17,152.55,258.06,21.388,407.26
2023-02-21,148.48,252.67,20.655,399.09
2023-02-22,148.91,251.51,20.754,398.54
2023-02-23,149.4,254.77,23.664,400.66
2023-02-24,146.71,249.22,23.286,396.38
2023-02-27,147.92,250.16,23.501,397.73
2023-02-28,147.41,249.42,23.216,396.26
2023-03-01,145.31,246.27,22.698,394.74
2023-03-02,145.91,251.11,23.314,397.81
2023-03-03,151.03,255.29,23.89,404.19
2023-03-06,153.83,256.87,23.554,404.47
2023-03-07,151.6,254.15,23.288,398.27
2023-03-08,152.87,253.7,24.181,398.92
2023-03-09,150.59,252.32,23.436,391.56
2023-03-10,148.5,248.59,22.965,385.91
2023-03-13,150.47,253.92,22.966,385.36
2023-03-14,152.59,260.79,24.063,391.73
2023-03-15,152.99,265.44,24.228,389.28
2023-03-16,155.85,276.2,25.541,396.11
2023-03-17,155.0,279.43,25.725,389.99
2023-03-20,157.4,272.23,25.9,393.74
2023-03-21,159.28,273.78,26.199,398.91
2023-03-22,157.83,272.29,26.468,392.11
2023-03-23,158.93,277.66,27.191,393.17
2023-03-24,160.25,280.57,26.779,395.75
2023-03-27,158.28,276.38,26.531,396.49
2023-03-28,157.65,275.23,26.41,395.6
2023-03-29,160.77,280.51,26.984,401.35
2023-03-30,162.36,284.05,27.383,403.7
2023-03-31,164.9,288.3,27.777,409.39
2023-04-03,166.17,287.23,27.965,410.95
2023-04-04,165.63,287.18,27.453,408.67
2023-04-05,163.76,284.34,26.881,407.6
2023-04-06,164.66,291.6,27.037,409.19
2023-04-10,162.03,289.39,27.579,409.61
2023-04-11,160.8,282.83,27.169,409.72
2023-04-12,160.1,283.49,26.495,408.05
2023-04-13,165.56,289.84,26.463,413.47
2023-04-14,165.21,286.14,26.758,412.46
2023-04-17,165.23,288.8,27.002,413.94
2023-04-18,166.47,288.37,27.667,414.21
2023-04-19,167.63,288.45,27.931,414.14
2023-04-20,166.65,286.11,27.104,411.88
2023-04-21,165.02,285.76,27.119,412.2
2023-04-24,165.33,281.77,27.042,412.63
2023-04-25,163.77,275.42,26.241,406.08
2023-04-26,163.76,295.37,26.956,404.36
2023-04-27,168.41,304.83,27.226,412.41
2023-04-28,169.68,307.26,27.749,415.93
2023-05-01,169.59,305.56,28.91,415.51
2023-05-02,168.54,305.41,28.21,410.84
2023-05-03,167.45,304.4,27.802,408.02
2023-05-04,165.79,305.41,27.562,405.13
2023-05-05,173.57,310.65,28.68,412.63
2023-05-08,173.5,308.65,29.151,412.74
2023-05-09,171.77,307.0,28.571,410.93
2023-05-10,173.555,312.31,28.885,412.85
2023-05-11,173.75,310.11,28.578,412.13
2023-05-12,172.57,308.97,28.34,411.59
2023-05-15,172.07,309.46,28.953,413.01
2023-05-16,172.07,311.74,29.213,410.25
2023-05-17,172.69,314.0,30.178,415.23
2023-05-18,175.05,318.52,31.678,419.23
2023-05-19,175.16,318.34,31.264,418.62
2023-05-22,174.2,321.18,31.176,418.79
2023-05-23,171.56,315.26,30.688,414.09
2023-05-24,171.84,313.85,30.538,411.09
2023-05-25,172.99,325.92,37.98,414.65
2023-05-26,175.43,332.89,38.946,420.02
2023-05-30,177.3,331.21,40.111,420.18
2023-05-31,177.25,328.39,37.834,417.85
2023-06-01,180.09,332.58,39.77,421.82
2023-06-02,180.95,335.4,39.327,427.92
2023-06-05,179.58,335.94,39.171,427.1
2023-06-06,179.21,333.68,38.654,428.03
2023-06-07,177.82,323.38,37.475,426.55
2023-06-08,180.57,325.26,38.51,429.13
2023-06-09,180.96,326.79,38.77,429.9
2023-06-12,183.79,331.85,39.482,433.8
2023-06-13,183.31,334.29,41.022,436.66
2023-06-14,183.95,337.34,42.997,437.18
2023-06-15,186.01,348.1,42.653,442.6
2023-06-16,184.92,342.33,42.692,439.46
2023-06-20,185.01,338.05,43.808,437.18
2023-06-21,183.96,333.56,43.045,434.94
2023-06-22,187.0,339.71,43.025,436.51
2023-06-23,186.68,335.02,42.209,433.21
2023-06-26,185.27,328.6,40.632,431.44
2023-06-27,188.06,334.57,41.876,436.17
2023-06-28,189.25,335.85,41.117,436.39
2023-06-29,189.59,335.05,40.822,438.11
2023-06-30,193.97,340.54,42.302,443.28
2023-07-03,192.46,337.99,42.413,443.79
2023-07-05,191.33,338.15,42.317,443.13
2023-07-06,191.81,341.27,42.103,439.66
2023-07-07,190.68,337.22,42.503,438.55
2023-07-10,188.61,331.83,42.18,439.66
2023-07-11,188.08,332.47,42.405,442.46
2023-07-12,189.77,337.2,43.902,446.02
2023-07-13,190.54,342.66,45.977,449.56
2023-07-14,190.69,345.24,45.469,449.28
2023-07-17,193.99,345.73,46.461,450.84
2023-07-18,193.73,359.49,47.494,454.19
2023-07-19,195.1,355.08,47.077,455.2
2023-07-20,193.13,346.87,45.52,452.18
2023-07-21,191.94,343.77,44.309,452.18
2023-07-24,192.75,345.11,44.612,454.2
2023-07-25,193.62,350.98,45.679,455.44
2023-07-26,194.5,337.77,45.452,455.51
2023-07-27,193.22,330.72,45.9,452.49
2023-07-28,195.83,338.37,46.75,456.92
2023-07-31,196.45,335.92,46.729,457.79
2023-08-01,195.605,336.34,46.507,456.48
2023-08-02,192.58,327.5,44.269,450.13
2023-08-03,191.17,326.66,44.515,448.84
2023-08-04,181.99,327.78,44.68,446.81
2023-08-07,178.85,330.11,45.4165,450.71
2023-08-08,179.8,326.05,44.664,448.75
2023-08-09,178.19,322.23,42.554,445.75
2023-08-10,177.97,322.93,42.388,445.91
2023-08-11,177.79,321.01,40.855,445.65
2023-08-14,179.46,324.04,43.753,448.11
2023-08-15,177.45,321.86,43.94,442.89
2023-08-16,176.57,320.4,43.486,439.64
2023-08-17,174.0,316.88,43.3435,436.29
2023-08-18,174.49,316.48,43.299,436.5
2023-08-21,175.84,321.88,46.967,439.34
2023-08-22,177.23,322.46,45.668,438.15
2023-08-23,181.12,327.0,47.116,443.03
2023-08-24,176.38,319.97,47.163,436.89
2023-08-25,178.61,322.98,46.018,439.97
2023-08-28,180.19,323.7,46.835,442.76
2023-08-29,184.12,328.41,48.784,449.16
2023-08-30,187.65,328.79,49.264,451.01
2023-08-31,187.87,327.76,49.355,450.35
2023-09-01,189.46,328.66,48.509,451.19
2023-09-05,189.7,333.55,48.548,449.24
2023-09-06,182.91,332.88,47.061,446.22
2023-09-07,177.56,329.91,46.241,444.85
2023-09-08,178.18,334.27,45.572,445.52
2023-09-11,179.36,337.94,45.178,448.45
2023-09-12,176.3,331.77,44.87,445.99
2023-09-13,174.21,336.06,45.485,446.51
2023-09-14,175.74,338.7,45.581,450.36
2023-09-15,175.01,330.22,43.9,443.37
2023-09-18,177.97,329.06,43.966,443.63
2023-09-19,179.07,328.65,43.52,442.71
2023-09-20,175.49,320.77,42.239,438.64
2023-09-21,173.93,319.53,41.017,431.39
2023-09-22,174.79,317.01,41.61,430.42
2023-09-25,176.08,317.54,42.222,432.23
2023-09-26,171.96,312.14,41.911,425.88
2023-09-27,170.43,312.79,42.468,426.05
2023-09-28,170.69,313.64,43.089,428.52
2023-09-29,171.21,315.75,43.499,427.48
2023-10-02,173.75,321.8,44.782,427.31
2023-10-03,172.4,313.39,43.517,421.59
2023-10-04,173.66,318.955,44.041,424.66
2023-10-05,174.91,319.36,44.688,424.5
2023-10-06,177.49,327.26,45.762,429.54
2023-10-09,178.99,329.82,45.273,432.29
2023-10-10,178.39,328.39,45.798,434.54
2023-10-11,179.8,332.42,46.806,436.32
2023-10-12,180.71,331.16,46.945,433.66
2023-10-13,178.85,327.73,45.461,431.5
2023-10-16,178.72,332.64,46.095,436.04
2023-10-17,177.15,332.06,43.938,436.02
2023-10-18,175.84,330.11,42.196,430.21
2023-10-19,175.46,331.32,42.101,426.43
2023-10-20,172.88,326.67,41.387,421.19
2023-10-23,173.0,329.32,42.975,420.46
2023-10-24,173.44,330.53,43.663,423.63
2023-10-25,171.1,340.67,41.779,417.55
2023-10-26,166.89,327.89,40.326,412.55
2023-10-27,168.22,329.81,40.5,410.68
2023-10-30,170.29,337.31,41.161,415.59
2023-10-31,170.77,338.11,40.78,418.2
2023-11-01,173.97,346.07,42.325,422.66
2023-11-02,177.57,348.32,43.506,430.76
2023-11-03,176.65,352.8,45.005,434.69
2023-11-06,179.23,356.53,45.751,435.69
2023-11-07,181.82,360.53,45.955,436.93
2023-11-08,182.89,363.2,46.574,437.25
2023-11-09,182.41,360.69,46.95,433.84
2023-11-10,186.4,369.67,48.335,440.61
2023-11-13,184.8,366.68,48.62,440.19
2023-11-14,187.44,370.27,49.656,448.73
2023-11-15,188.01,369.67,48.888,449.68
2023-11-16,189.71,376.17,49.48,450.23
2023-11-17,189.69,369.85,49.298,450.79
2023-11-20,191.45,377.44,50.409,454.26
2023-11-21,190.64,373.07,49.944,453.27
2023-11-22,191.31,377.85,48.716,455.02
2023-11-24,189.97,377.43,47.776,455.3
2023-11-27,189.79,378.61,48.242,454.48
2023-11-28,190.4,382.7,47.821,454.93
2023-11-29,189.37,378.85,48.14,454.61
2023-11-30,189.95,378.91,46.77,456.4
2023-12-01,191.24,374.51,46.765,459.1
2023-12-04,189.43,369.14,45.51,456.69
2023-12-05,193.42,372.52,46.566,456.6
2023-12-06,192.32,368.8,45.503,454.76
2023-12-07,194.27,370.95,46.596,458.23
2023-12-08,195.71,374.23,47.506,460.2
2023-12-11,193.18,371.3,46.627,461.99
2023-12-12,194.71,374.38,47.657,464.1
2023-12-13,197.96,374.37,48.088,470.5
2023-12-14,198.11,365.93,48.35,472.01
2023-12-15,197.57,370.73,48.89,469.33
2023-12-18,195.89,372.65,50.077,471.97
2023-12-19,196.94,373.26,49.604,474.84
2023-12-20,194.83,370.62,48.111,468.26
2023-12-21,194.68,373.54,48.99,472.7
2023-12-22,193.6,374.58,48.83,473.65
2023-12-26,193.05,374.66,49.279,475.65
2023-12-27,193.15,374.07,49.417,476.51
2023-12-28,193.58,375.28,49.522,476.69
2023-12-29,192.53,376.04,49.522,475.31
2024-01-02,185.64,370.87,48.168,472.65
2024-01-03,184.25,370.6,47.569,468.79
2024-01-04,181.91,367.94,47.998,467.28
2024-01-05,181.18,367.75,49.097,467.92
2024-01-08,185.56,374.69,52.253,474.6
2024-01-09,185.14,375.79,53.14,473.88
2024-01-10,186.19,382.77,54.35,476.56
2024-01-11,185.59,384.63,54.822,476.35
2024-01-12,185.92,388.47,54.71,476.68
2024-01-16,183.63,390.27,56.382,474.93
2024-01-17,182.68,389.47,56.053,472.29
2024-01-18,188.63,393.87,57.107,476.49
2024-01-19,191.56,398.67,59.491,482.43
2024-01-22,193.89,396.51,59.654,483.45
2024-01-23,195.18,398.9,59.873,484.86
2024-01-24,194.5,402.56,61.362,485.39
2024-01-25,194.17,404.87,61.617,488.03
2024-01-26,192.42,403.93,61.031,487.41
2024-01-29,191.73,409.72,62.465,491.27
2024-01-30,188.04,408.59,62.774,490.89
2024-01-31,184.4,397.58,61.527,482.88
2024-02-01,186.86,403.78,63.027,489.2
2024-02-02,185.85,411.22,66.16,494.35
2024-02-05,187.68,405.65,69.332,492.55
2024-02-06,189.3,405.49,68.223,493.98
2024-02-07,189.41,414.05,70.099,498.1
2024-02-08,188.32,414.11,69.641,498.32
2024-02-09,188.85,420.55,72.133,501.2
2024-02-12,187.15,415.26,72.248,500.98
2024-02-13,185.04,406.32,72.128,494.08
2024-02-14,184.15,409.49,73.9,498.57
2024-02-15,183.86,406.56,72.658,502.01
2024-02-16,182.31,404.06,72.613,499.51
2024-02-20,181.56,402.79,69.452,496.76
2024-02-21,182.32,402.18,67.472,497.21
2024-02-22,184.37,411.65,78.538,507.5
2024-02-23,182.52,410.34,78.817,507.85
2024-02-26,181.16,407.54,79.092,505.99
2024-02-27,182.63,407.48,78.701,506.93
2024-02-28,181.42,407.72,77.663,506.26
2024-02-29,180.75,413.64,79.112,508.08
2024-03-01,179.66,415.5,82.279,512.85
2024-03-04,175.1,414.92,85.237,512.3
2024-03-05,170.12,402.65,85.964,507.18
2024-03-06,169.12,402.09,88.7,509.75
2024-03-07,169.0,409.14,92.669,514.81
2024-03-08,170.73,406.22,87.528,511.72
2024-03-11,172.75,404.52,85.774,511.28
2024-03-12,173.23,415.28,91.913,516.78
2024-03-13,171.13,415.1,90.888,515.97
2024-03-14,173.0,425.22,87.944,514.95
2024-03-15,172.62,416.42,87.8365,509.83
2024-03-18,173.72,417.32,88.455,512.86
2024-03-19,176.08,421.41,89.398,515.71
2024-03-20,178.67,425.23,90.372,520.48
2024-03-21,171.37,429.37,91.435,522.2
2024-03-22,172.28,428.74,94.289,521.21
2024-03-25,170.85,422.86,95.002,519.77
2024-03-26,169.71,421.65,92.561,518.81
2024-03-27,173.31,421.43,90.25,523.17
2024-03-28,171.48,420.72,90.356,523.07
2024-04-01,170.03,424.57,90.363,522.16
2024-04-02,168.84,421.44,89.452,518.84
2024-04-03,169.65,420.45,88.964,519.41
2024-04-04,168.82,417.88,85.905,513.07
2024-04-05,169.58,425.52,88.008,518.43
2024-04-08,168.45,424.59,87.133,518.72
2024-04-09,169.67,426.28,85.354,519.32
2024-04-10,167.78,423.26,87.039,514.12
2024-04-11,175.04,427.93,90.616,518.0
2024-04-12,176.55,421.9,88.186,510.85
2024-04-15,172.69,413.64,86.001,504.45
2024-04-16,169.38,414.58,87.415,503.53
2024-04-17,168.0,411.84,84.035,500.55
2024-04-18,167.04,404.27,84.671,499.52
2024-04-19,165.0,399.12,76.2,495.16
2024-04-22,165.84,400.96,79.518,499.72
2024-04-23,166.9,407.57,82.423,505.65
2024-04-24,169.02,409.06,79.677,505.41
2024-04-25,169.89,399.04,82.632,503.49
2024-04-26,169.3,406.32,87.735,508.26
2024-04-29,173.5,402.25,87.757,510.06
2024-04-30,170.33,389.33,86.402,501.98
2024-05-01,169.3,394.94,83.041,500.35
2024-05-02,173.03,397.84,85.817,505.03
2024-05-03,183.38,406.66,88.789,511.29
2024-05-06,181.71,413.54,92.14,516.57
2024-05-07,182.4,409.34,90.554,517.14
2024-05-08,182.74,410.54,90.412,517.19
2024-05-09,184.57,412.32,88.747,520.17
2024-05-10,183.05,414.74,89.878,520.84
2024-05-13,186.28,413.72,90.399,520.91
2024-05-14,187.43,416.56,91.356,523.3
2024-05-15,189.72,423.08,94.63,529.78
2024-05-16,189.84,420.99,94.359,528.69
2024-05-17,189.87,420.21,92.479,529.45
2024-05-20,191.04,425.34,94.78,530.06
2024-05-21,192.35,429.04,95.386,531.36
2024-05-22,190.9,430.52,94.95,529.83
2024-05-23,186.88,427.0,103.799,525.96
2024-05-24,189.98,430.16,106.469,529.44
2024-05-28,189.99,430.32,113.901,529.81
2024-05-29,190.29,429.17,114.825,526.1
2024-05-30,191.29,414.67,110.5,522.61
2024-05-31,192.25,415.13,109.633,527.37
2024-06-03,194.03,413.52,115.0,527.8
2024-06-04,194.35,416.07,116.437,528.39
2024-06-05,195.87,424.01,122.44,534.67
2024-06-06,194.48,424.52,120.998,534.66
2024-06-07,196.89,423.85,120.888,534.01
2024-06-10,193.12,427.87,121.79,535.66
2024-06-11,207.15,432.68,120.91,536.95
2024-06-12,213.07,441.06,125.2,541.36
2024-06-13,214.24,441.58,129.61,542.45
2024-06-14,212.49,442.57,131.88,542.78
2024-06-17,216.67,448.37,130.98,547.1
2024-06-18,214.29,446.34,135.58,548.49
2024-06-20,209.68,445.7,130.78,547.0
2024-06-21,207.49,449.78,126.57,544.51
2024-06-24,208.14,447.67,118.11,542.74
2024-06-25,209.07,450.95,126.09,544.83
2024-06-26,213.25,452.16,126.4,545.51
2024-06-27,214.1,452.85,123.99,546.37
2024-06-28,210.62,446.95,123.54,544.22
2024-07-01,216.75,456.73,124.3,545.34
2024-07-02,220.27,459.28,122.67,549.01
2024-07-03,221.55,460.77,128.28,551.46
2024-07-05,226.34,467.56,125.83,554.64
2024-07-08,227.82,466.24,128.2,555.28
2024-07-09,228.68,459.54,131.38,555.82
2024-07-10,232.98,466.25,134.91,561.32
2024-07-11,227.57,454.7,127.4,556.48
2024-07-12,230.54,453.55,129.24,559.99
2024-07-15,234.4,453.96,128.44,561.53
2024-07-16,234.82,449.52,126.36,564.86
2024-07-17,228.88,443.52,117.99,556.94
2024-07-18,224.18,440.37,121.09,552.66
2024-07-19,224.31,437.11,117.93,548.99
2024-07-22,223.96,442.94,123.54,554.65
2024-07-23,225.01,444.85,122.59,553.78
2024-07-24,218.54,428.9,114.25,541.23
2024-07-25,217.49,418.4,112.28,538.41
2024-07-26,217.96,425.27,113.06,544.44
2024-07-29,218.24,426.73,111.59,544.76
2024-07-30,218.8,422.92,103.73,542.0
2024-07-31,222.08,418.35,117.02,550.81
2024-08-01,218.36,417.11,109.21,543.01
2024-08-02,219.86,408.49,107.27,532.9
2024-08-05,209.27,395.15,100.45,517.38
2024-08-06,207.23,399.61,104.25,522.15
2024-08-07,209.82,398.43,98.91,518.66
2024-08-08,213.31,402.69,104.97,530.65
2024-08-09,216.24,406.02,104.75,532.99
2024-08-12,217.53,406.81,109.02,533.27
2024-08-13,221.27,414.01,116.14,542.04
2024-08-14,221.72,416.86,118.08,543.75
2024-08-15,224.72,421.03,122.86,553.07
2024-08-16,226.05,418.47,124.58,554.31
2024-08-19,225.89,421.53,130.0,559.61
2024-08-20,226.51,424.8,127.25,558.7
2024-08-21,226.4,424.14,128.5,560.62
2024-08-22,224.53,415.55,123.74,556.22
2024-08-23,226.84,416.79,129.37,562.13
2024-08-26,227.18,413.49,126.46,560.79
2024-08-27,228.03,413.84,128.3,561.56
2024-08-28,226.49,410.6,125.61,558.3
2024-08-29,229.79,413.12,117.59,558.35
2024-08-30,229.0,417.14,119.37,563.68
2024-09-03,222.77,409.44,108.0,552.08
2024-09-04,220.85,408.9,106.21,550.95
2024-09-05,222.38,408.39,107.21,549.61
2024-09-06,220.82,401.7,102.83,540.36
2024-09-09,220.91,405.72,106.47,546.41
2024-09-10,220.11,414.2,108.1,548.79
2024-09-11,222.66,423.04,116.91,554.42
2024-09-12,222.77,427.0,119.14,559.09
2024-09-13,222.5,430.59,119.1,562.01
2024-09-16,216.32,431.34,116.78,562.84
2024-09-17,216.79,435.15,115.59,563.07
2024-09-18,220.69,430.81,113.37,561.4
2024-09-19,228.87,438.69,117.87,570.98
2024-09-20,228.2,435.27,116.0,568.25
2024-09-23,226.47,433.51,116.26,569.67
2024-09-24,227.37,429.17,120.87,571.3
2024-09-25,226.37,432.11,123.51,570.04
2024-09-26,227.52,431.31,124.04,572.3
2024-09-27,227.79,428.02,121.4,571.47
2024-09-30,233.0,430.3,121.44,573.76
2024-10-01,226.21,420.69,117.0,568.62
2024-10-02,226.78,417.13,118.85,568.86
2024-10-03,225.67,416.54,122.85,567.82
2024-10-04,226.8,416.06,124.92,572.98
2024-10-07,221.69,409.54,127.72,567.8
2024-10-08,225.77,414.71,132.89,573.17
2024-10-09,229.54,417.46,132.65,577.14
2024-10-10,229.04,415.84,134.81,576.13
2024-10-11,227.55,416.32,134.8,579.58
2024-10-14,231.3,419.14,138.07,584.32
2024-10-15,233.85,418.74,131.6,579.78
2024-10-16,231.78,416.12,135.72,582.3
2024-10-17,232.15,416.72,136.93,582.35
2024-10-18,235.0,418.16,138.0,584.59
2024-10-21,236.48,418.78,143.71,583.63
2024-10-22,235.86,427.51,143.59,583.32
2024-10-23,230.76,424.6,139.56,577.99
2024-10-24,230.57,424.73,140.41,579.24
2024-10-25,231.41,428.15,141.54,579.04
2024-10-28,233.4,426.59,140.52,580.83
2024-10-29,233.67,431.95,141.25,581.77
2024-10-30,230.1,432.53,139.335,580.01
2024-10-31,225.91,406.35,132.76,568.64
2024-11-01,222.91,410.37,135.4,571.04
2024-11-04,222.01,408.46,136.05,569.81
2024-11-05,223.45,411.46,139.91,576.7
2024-11-06,222.72,420.18,145.61,591.04
2024-11-07,227.48,425.43,148.88,595.61
2024-11-08,226.96,422.54,147.63,598.19
2024-11-11,224.23,418.01,145.26,598.76
2024-11-12,224.23,423.03,148.29,596.9
2024-11-13,225.12,425.2,146.27,597.19
2024-11-14,228.22,426.89,146.76,593.35
2024-11-15,225.0,415.0,141.98,585.75
2024-11-18,228.02,415.76,140.15,588.15
2024-11-19,228.28,417.79,147.01,590.3
2024-11-20,229.0,415.49,145.89,590.5
2024-11-21,228.52,412.87,146.67,593.67
2024-11-22,229.87,417.0,141.95,595.51
2024-11-25,232.87,418.79,136.02,597.53
2024-11-26,235.06,427.99,136.92,600.65
2024-11-27,234.93,422.99,135.34,598.83
2024-11-29,237.33,423.46,138.25,602.55
2024-12-02,239.59,430.98,138.63,603.63
2024-12-03,242.65,431.2,140.26,603.91
2024-12-04,243.01,437.42,145.14,607.66
2024-12-05,243.04,442.62,145.06,606.66
2024-12-06,242.84,443.57,142.44,607.81
2024-12-09,246.75,446.02,138.81,604.68
2024-12-10,247.77,443.33,135.07,602.8
2024-12-11,246.49,448.99,139.31,607.46
2024-12-12,247.96,449.56,137.34,604.33
2024-12-13,248.13,447.27,134.25,604.21
2024-12-16,251.04,451.59,132.0,606.79
2024-12-17,253.48,454.46,130.39,604.29
2024-12-18,248.05,437.39,128.91,586.28
2024-12-19,249.79,437.03,130.68,586.1
2024-12-20,254.49,436.6,134.7,591.15
2024-12-23,255.27,435.25,139.67,594.69
2024-12-24,258.2,439.33,140.22,601.3
2024-12-26,259.02,438.11,139.93,601.34
2024-12-27,255.59,430.53,137.01,595.01
2024-12-30,252.2,424.83,137.49,588.22
2024-12-31,250.42,421.5,134.29,586.08
2025-01-02,243.85,418.58,138.31,584.64
2025-01-03,243.36,423.35,144.47,591.95
2025-01-06,245.0,427.85,149.43,595.36
2025-01-07,242.21,422.37,140.14,588.63
2025-01-08,242.7,424.56,140.11,589.49
2025-01-10,236.85,418.95,135.91,580.49
2025-01-13,234.4,417.19,133.23,581.39
2025-01-14,233.28,415.67,131.76,582.19
2025-01-15,237.87,426.31,136.24,592.78
2025-01-16,228.26,424.58,133.57,591.64
2025-01-17,229.98,429.03,137.71,597.58
2025-01-21,222.64,428.5,140.83,603.05
2025-01-22,223.83,446.2,147.07,606.44
2025-01-23,223.66,446.71,147.22,609.75
2025-01-24,222.78,444.06,142.62,607.97
2025-01-27,229.86,434.56,118.42,599.37
2025-01-28,238.26,447.2,128.99,604.52
2025-01-29,239.36,442.33,123.7,601.81
2025-01-30,237.59,414.99,124.65,605.04
2025-01-31,236.0,415.06,120.07,601.82
2025-02-03,228.01,410.92,116.66,597.77
2025-02-04,232.8,412.37,118.65,601.78
2025-02-05,232.47,413.29,124.83,604.22
2025-02-06,233.22,415.82,128.68,606.32
2025-02-07,227.63,409.75,129.84,600.77
2025-02-10,227.65,412.22,133.57,604.85
2025-02-11,232.62,411.44,132.8,605.31
2025-02-12,236.87,409.04,131.14,603.36
2025-02-13,241.53,410.54,135.29,609.73
2025-02-14,244.6,408.43,138.85,609.7
2025-02-18,244.47,409.64,139.4,611.49
2025-02-19,244.87,414.77,139.23,612.93
2025-02-20,245.83,416.13,140.11,610.38
2025-02-21,245.55,408.21,134.43,599.94
2025-02-24,247.1,404.0,130.28,597.21
2025-02-25,247.04,397.9,126.63,594.24
2025-02-26,240.36,399.73,131.28,594.54
2025-02-27,237.3,392.53,120.15,585.05
2025-02-28,241.84,396.99,124.92,594.18
2025-03-03,238.03,388.49,114.06,583.77
2025-03-04,235.93,388.61,115.99,576.86
2025-03-05,235.74,401.02,117.3,583.06
2025-03-06,235.33,396.89,110.57,572.71
2025-03-07,239.07,393.31,112.69,575.92
2025-03-10,227.48,380.16,106.98,560.58
2025-03-11,220.84,380.45,108.76,555.92
2025-03-12,216.98,383.27,115.74,558.87
2025-03-13,209.68,378.77,115.58,551.42
2025-03-14,213.49,388.56,121.67,562.81
2025-03-17,214.0,388.7,119.53,567.15
2025-03-18,212.69,383.52,115.43,561.02
2025-03-19,215.24,387.82,117.52,567.13
2025-03-20,214.1,386.84,118.53,565.49
2025-03-21,218.27,391.26,117.7,563.98
2025-03-24,220.73,393.08,121.41,574.08
2025-03-25,223.75,395.16,120.69,575.46
2025-03-26,221.53,389.97,113.76,568.59
2025-03-27,223.85,390.58,111.43,567.08
2025-03-28,217.9,378.8,109.67,555.66
2025-03-31,222.13,375.39,108.38,559.39
2025-04-01,223.19,382.19,110.15,560.97
2025-04-02,223.89,382.14,110.42,564.52
2025-04-03,203.19,373.11,101.8,536.7
2025-04-04,188.38,359.84,94.31,505.28
2025-04-07,181.46,357.86,97.64,504.38
2025-04-08,172.42,354.56,96.3,496.48
2025-04-09,198.85,390.49,114.33,548.62
2025-04-10,190.42,381.35,107.57,524.58
2025-04-11,198.15,388.45,110.93,533.94
2025-04-14,202.52,387.81,110.71,539.12
2025-04-15,202.14,385.73,112.2,537.61
2025-04-16,194.27,371.61,104.49,525.66
2025-04-17,196.98,367.78,101.49,526.41
2025-04-21,193.16,359.12,96.91,513.88
2025-04-22,199.74,366.82,98.89,527.25
2025-04-23,204.6,374.39,102.71,535.42
2025-04-24,208.37,387.3,106.43,546.69
2025-04-25,209.28,391.85,111.01,550.64
2025-04-28,210.14,391.16,108.73,550.85
2025-04-29,211.21,394.04,109.02,554.32
2025-04-30,212.5,395.26,108.92,554.54
2025-05-01,213.32,425.4,111.61,558.47
2025-05-02,205.35,435.28,114.5,566.76
2025-05-05,198.89,436.17,113.82,563.51
2025-05-06,198.51,433.31,113.54,558.8
2025-05-07,196.25,433.35,117.06,561.15
2025-05-08,197.49,438.17,117.37,565.06
2025-05-09,198.53,438.73,116.65,564.34
2025-05-12,210.79,449.26,123.0,582.99
2025-05-13,212.93,449.14,129.93,586.84
2025-05-14,212.33,452.94,135.34,587.59
2025-05-15,211.45,453.13,134.83,590.46
2025-05-16,211.26,454.27,135.4,594.2
2025-05-19,208.78,458.87,135.57,594.85
2025-05-20,206.86,458.17,134.38,592.85
2025-05-21,202.09,452.57,131.8,582.86
2025-05-22,201.36,454.86,132.83,583.09
2025-05-23,195.27,450.18,131.29,579.11
2025-05-27,200.21,460.69,135.5,591.15
2025-05-28,200.42,457.36,134.81,587.73
2025-05-29,199.95,458.68,139.19,590.05
2025-05-30,200.85,460.36,135.13,589.39
2025-06-02,201.7,461.97,137.38,592.71
2025-06-03,203.27,462.97,141.22,596.09
2025-06-04,202.82,463.87,141.92,595.93
2025-06-05,200.63,467.68,139.99,593.05
2025-06-06,203.92,470.38,141.72,599.14
2025-06-09,201.45,472.75,142.63,599.68
2025-06-10,202.67,470.92,143.96,603.08
2025-06-11,198.78,472.62,142.83,601.36
2025-06-12,199.2,478.87,145.0,603.75
2025-06-13,196.45,474.96,141.97,597.0
2025-06-16,198.42,479.14,144.69,602.68
2025-06-17,195.64,478.04,144.12,597.53
2025-06-18,196.58,480.24,145.48,597.44
2025-06-20,201.0,477.4,143.85,594.28
2025-06-23,201.5,486.0,144.17,600.15
2025-06-24,200.3,490.11,147.9,606.78
2025-06-25,201.56,492.27,154.31,607.12
2025-06-26,201.0,497.45,155.02,611.87
2025-06-27,201.08,495.94,157.75,614.91
2025-06-30,205.17,497.41,157.99,617.85
2025-07-01,207.82,492.05,153.3,617.65
2025-07-02,212.44,491.09,157.25,620.45
2025-07-03,213.55,498.84,159.34,625.34
2025-07-07,209.95,497.72,158.24,620.68
2025-07-08,210.01,496.62,160.0,620.34
2025-07-09,211.14,503.51,162.88,624.06
2025-07-10,212.41,501.48,164.1,625.82
2025-07-11,211.16,503.32,164.92,623.62
2025-07-14,208.62,503.02,164.07,624.81
2025-07-15,209.11,505.82,170.7,622.14
2025-07-16,210.16,505.62,171.37,624.22
2025-07-17,210.02,511.7,173.0,628.04
2025-07-18,211.18,510.05,172.41,627.58
2025-07-21,212.48,510.06,171.38,628.77
2025-07-22,214.4,505.27,167.03,628.86
2025-07-23,214.15,505.87,170.78,634.21
2025-07-24,213.76,510.88,173.74,634.42
2025-07-25,213.88,513.71,173.5,637.1
2025-07-28,214.05,512.5,176.75,636.94
2025-07-29,211.27,512.57,175.51,635.26
2025-07-30,209.05,513.24,179.27,634.46
2025-07-31,207.57,533.5,177.87,632.08
2025-08-01,202.38,524.11,173.72,621.72
2025-08-04,203.35,535.64,180.0,631.17
2025-08-05,202.92,527.75,178.26,627.97
2025-08-06,213.25,524.94,179.42,632.78
2025-08-07,220.03,520.84,180.77,632.25
2025-08-08,229.35,522.04,182.7,637.18
2025-08-11,227.18,521.77,182.06,635.92
2025-08-12,229.65,529.24,183.16,642.69
2025-08-13,233.33,520.58,181.59,644.89
2025-08-14,232.78,522.48,182.02,644.95
2025-08-15,231.59,520.17,180.45,643.44
2025-08-18,230.89,517.1,182.01,643.3
2025-08-19,230.56,509.77,175.64,639.81
2025-08-20,226.01,505.72,175.4,638.11
2025-08-21,224.9,504.24,174.98,635.55
2025-08-22,227.76,507.23,177.99,645.31
2025-08-25,227.16,504.26,179.81,642.47
2025-08-26,229.31,502.04,181.77,645.16
2025-08-27,230.49,506.74,181.6,646.63
2025-08-28,232.56,509.64,180.17,648.92
2025-08-29,232.14,506.69,174.18,645.05
2025-09-02,229.72,505.12,170.78,640.27
2025-09-03,238.47,505.35,170.62,643.74
2025-09-04,239.78,507.97,171.66,649.12
2025-09-05,239.69,495.0,167.02,647.24
2025-09-08,237.88,498.2,168.31,648.83
2025-09-09,234.35,498.41,170.76,650.33
2025-09-10,226.79,500.37,177.33,652.21
2025-09-11,230.03,501.01,177.17,657.63
2025-09-12,234.07,509.9,177.82,657.41
2025-09-15,236.7,515.36,177.75,660.91
2025-09-16,238.15,509.04,174.88,660.0
2025-09-17,238.99,510.02,170.29,659.18
2025-09-18,237.88,508.45,176.24,662.26
2025-09-19,245.5,517.93,176.67,663.7
2025-09-22,256.08,514.45,183.61,666.84
2025-09-23,254.43,509.23,178.43,663.21
2025-09-24,252.31,510.15,176.97,661.1
2025-09-25,256.87,507.03,177.69,658.05
2025-09-26,255.46,511.46,178.19,661.82
2025-09-29,254.43,514.6,181.85,663.68
2025-09-30,254.63,517.95,186.58,666.18
2025-10-01,255.45,519.71,187.24,668.45
2025-10-02,257.13,515.74,188.89,669.22
2025-10-03,258.02,517.35,187.62,669.21
2025-10-06,256.69,528.57,185.54,671.61
2025-10-07,256.48,523.98,185.04,669.12
2025-10-08,258.06,524.85,189.11,673.11
2025-10-09,254.04,522.4,192.57,671.16
2025-10-10,245.27,510.96,183.16,653.02
2025-10-13,247.66,514.05,188.32,663.04
2025-10-14,247.77,513.57,180.03,662.23
2025-10-15,249.34,513.43,179.83,665.17
2025-10-16,247.45,511.61,181.81,660.64
2025-10-17,252.29,513.58,183.22,664.39
2025-10-20,262.24,516.79,182.64,671.3
2025-10-21,262.77,517.66,181.16,671.29
2025-10-22,258.45,520.54,180.28,667.8
2025-10-23,259.58,520.56,182.16,671.76
2025-10-24,262.82,523.61,186.26,677.25
2025-10-27,268.81,531.52,191.49,685.24
2025-10-28,269.0,542.07,201.03,687.06
2025-10-29,269.7,541.55,207.04,687.39
2025-10-30,271.4,525.76,202.89,679.83
2025-10-31,270.37,517.81,202.49,682.06
2025-11-03,269.05,517.03,206.88,683.34
2025-11-04,270.04,514.33,198.69,675.24
2025-11-05,270.14,507.16,195.21,677.58
2025-11-06,269.77,497.1,188.08,670.31
2025-11-07,268.47,496.82,188.15,670.97
2025-11-10,269.43,506.0,199.05,681.44
2025-11-11,275.25,508.68,193.16,683.0
2025-11-12,273.47,511.14,193.8,683.38
2025-11-13,272.95,503.29,186.86,672.04
2025-11-14,272.41,510.18,190.17,671.93
2025-11-17,267.46,507.49,186.6,665.67
2025-11-18,267.44,493.79,181.36,660.08
2025-11-19,268.56,487.12,186.52,662.63
2025-11-20,266.25,478.43,180.64,652.53
2025-11-21,271.49,472.12,178.88,659.03
2025-11-24,275.92,474.0,182.55,668.73
2025-11-25,276.97,476.99,177.82,675.02
2025-11-26,277.55,485.5,180.26,679.68
2025-11-28,278.85,492.01,177.0,683.39
2025-12-01,283.1,486.74,179.92,680.27
2025-12-02,286.19,490.0,181.46,681.53
2025-12-03,284.15,477.73,179.59,683.89
2025-12-04,280.7,480.84,183.38,684.39
2025-12-05,278.78,483.16,182.41,685.69
2025-12-08,277.89,491.02,185.55,683.63
2025-12-09,277.18,492.02,184.97,683.04
2025-12-10,278.78,478.56,183.78,687.57
2025-12-11,278.03,483.47,180.93,689.17
2025-12-12,278.28,478.53,175.02,681.76
2025-12-15,274.11,474.82,176.29,680.73
2025-12-16,274.61,476.39,177.72,678.87
2025-12-17,271.84,476.12,170.94,671.4
2025-12-18,272.19,483.98,174.14,676.47
2025-12-19,273.67,485.92,180.99,680.59
2025-12-22,270.97,484.92,183.69,684.83
2025-12-23,272.36,486.85,189.21,687.96
2025-12-24,273.81,488.02,188.61,690.38
2025-12-26,273.4,487.71,190.53,690.31
2025-12-29,273.76,487.1,188.22,687.85
2025-12-30,273.08,487.48,187.54,687.01
2025-12-31,271.86,483.62,186.5,681.92
2026-01-02,271.01,472.94,188.85,683.17
2026-01-05,267.26,472.85,188.12,687.72
2026-01-06,262.36,478.51,187.24,691.81
2026-01-07,260.33,483.47,189.11,689.58
2026-01-08,259.04,478.11,185.04,689.51
2026-01-09,259.37,479.28,184.86,694.07
2026-01-12,260.25,477.18,184.94,695.16
2026-01-13,261.05,470.67,185.81,693.77
2026-01-14,259.96,459.38,183.14,690.36
2026-01-15,258.21,456.66,187.05,692.24
2026-01-16,255.53,459.86,186.23,691.66
2026-01-20,246.7,454.52,178.07,677.58
2026-01-21,247.65,444.11,183.32,685.4
2026-01-22,248.35,451.14,184.84,688.98
2026-01-23,248.04,465.95,187.67,689.23
2026-01-26,255.41,470.28,186.47,692.73
2026-01-27,258.27,480.58,188.52,695.49
2026-01-28,256.44,481.63,191.52,695.42
2026-01-29,258.28,433.5,192.51,694.04
2026-01-30,259.48,430.29,191.13,691.97
2026-02-02,270.01,423.37,185.61,695.41
2026-02-03,269.48,411.21,180.34,689.53
2026-02-04,276.49,414.19,174.19,686.19
2026-02-05,275.91,393.67,171.88,677.62
2026-02-06,278.12,401.14,185.41,690.62
2026-02-09,274.62,413.6,190.04,693.95
2026-02-10,273.68,413.27,188.54,692.12
2026-02-11,275.5,404.37,190.05,691.96
2026-02-12,261.73,401.84,186.94,681.27
2026-02-13,255.78,401.32,182.81,681.75
2026-02-17,263.88,396.86,184.97,682.85
2026-02-18,264.35,399.6,187.98,686.29
2026-02-19,260.58,398.46,187.9,684.48
2026-02-20,264.58,397.23,189.82,689.43
2026-02-23,266.18,384.47,191.55,682.39
2026-02-24,272.14,389.0,192.85,687.35
2026-02-25,274.23,400.6,195.56,693.15
2026-02-26,272.95,401.72,184.89,689.3
2026-02-27,264.18,392.74,177.19,685.99
2026-03-02,264.72,398.55,182.48,686.38
2026-03-03,263.75,403.93,180.05,680.33
2026-03-04,262.52,405.2,183.04,685.13
2026-03-05,260.29,410.68,183.34,681.31
2026-03-06,257.46,408.96,177.82,672.38
2026-03-09,259.88,409.41,182.65,678.27
2026-03-10,260.83,405.76,184.77,677.18
2026-03-11,260.81,404.88,186.03,676.33
